<?xml version="1.0" encoding="UTF-8"?>
<project-private xmlns="http://www.netbeans.org/ns/project-private/1">
    <editor-bookmarks xmlns="http://www.netbeans.org/ns/editor-bookmarks/2" lastBookmarkId="3">
        <file>
            <url>fee/invoice.php</url>
            <bookmark id="2">
                <name/>
                <line>1</line>
                <key/>
            </bookmark>
        </file>
        <file>
            <url>fee/feeCentral.php</url>
            <bookmark id="1">
                <name/>
                <line>161</line>
                <key/>
            </bookmark>
            <bookmark id="3">
                <name/>
                <line>267</line>
                <key/>
            </bookmark>
        </file>
    </editor-bookmarks>
    <open-files xmlns="http://www.netbeans.org/ns/projectui-open-files/2">
        <group>
            <file>file:/C:/xampp/htdocs/Tech-Rex/fee/historyFeeRec.php</file>
            <file>file:/C:/xampp/htdocs/Tech-Rex/fee/feeCentral.php</file>
        </group>
    </open-files>
</project-private>
