<?xml version="1.0" encoding="UTF-8"?>
<project xmlns="http://www.netbeans.org/ns/project/1">
    <type>org.netbeans.modules.php.project</type>
    <configuration>
        <data xmlns="http://www.netbeans.org/ns/php-project/1">
            <name>Tech-Rex</name>
        </data>
        <spellchecker-wordlist xmlns="http://www.netbeans.org/ns/spellchecker-wordlist/1">
            <word>cardbody</word>
            <word>fnc</word>
            <word>ht</word>
            <word>jacb</word>
            <word>JACOB</word>
            <word>jaj</word>
            <word>php</word>
            <word>REX</word>
        </spellchecker-wordlist>
    </configuration>
</project>
